start_s,end_s,center_s
0.0,5.0,2.5
5.0,10.0,7.5
10.0,15.0,12.5
15.0,20.0,17.5
20.0,25.0,22.5
25.0,30.0,27.5
30.0,35.0,32.5
35.0,40.0,37.5
40.0,45.0,42.5
45.0,50.0,47.5
50.0,55.0,52.5
55.0,60.0,57.5
60.0,65.0,62.5
65.0,70.0,67.5
70.0,75.0,72.5
75.0,80.0,77.5
80.0,85.0,82.5
85.0,90.0,87.5
90.0,95.0,92.5
95.0,100.0,97.5
100.0,105.0,102.5
105.0,110.0,107.5
110.0,115.0,112.5
115.0,120.0,117.5
120.0,125.0,122.5
125.0,130.0,127.5
130.0,135.0,132.5
135.0,140.0,137.5
140.0,145.0,142.5
145.0,150.0,147.5
150.0,155.0,152.5
155.0,160.0,157.5
160.0,165.0,162.5
165.0,170.0,167.5
170.0,175.0,172.5
175.0,180.0,177.5
180.0,185.0,182.5
185.0,190.0,187.5
190.0,195.0,192.5
195.0,200.0,197.5
200.0,205.0,202.5
205.0,210.0,207.5
210.0,215.0,212.5
215.0,220.0,217.5
220.0,225.0,222.5
225.0,230.0,227.5
230.0,235.0,232.5
235.0,240.0,237.5
240.0,245.0,242.5
245.0,250.0,247.5
250.0,255.0,252.5
255.0,260.0,257.5
260.0,265.0,262.5
265.0,270.0,267.5
270.0,275.0,272.5
275.0,280.0,277.5
280.0,285.0,282.5
285.0,290.0,287.5
290.0,295.0,292.5
295.0,300.0,297.5
300.0,305.0,302.5
305.0,310.0,307.5
310.0,315.0,312.5
315.0,320.0,317.5
320.0,325.0,322.5
325.0,330.0,327.5
330.0,335.0,332.5
335.0,340.0,337.5
340.0,345.0,342.5
345.0,350.0,347.5
350.0,355.0,352.5
355.0,360.0,357.5
360.0,365.0,362.5
365.0,370.0,367.5
370.0,375.0,372.5
375.0,380.0,377.5
380.0,385.0,382.5
385.0,390.0,387.5
390.0,395.0,392.5
395.0,400.0,397.5
400.0,405.0,402.5
405.0,410.0,407.5
410.0,415.0,412.5
415.0,420.0,417.5
420.0,425.0,422.5
425.0,430.0,427.5
430.0,435.0,432.5
435.0,440.0,437.5
440.0,445.0,442.5
445.0,450.0,447.5
450.0,455.0,452.5
455.0,460.0,457.5
460.0,465.0,462.5
465.0,470.0,467.5
470.0,475.0,472.5
475.0,480.0,477.5
480.0,485.0,482.5
485.0,490.0,487.5
490.0,495.0,492.5
495.0,500.0,497.5
500.0,505.0,502.5
505.0,510.0,507.5
510.0,515.0,512.5
515.0,520.0,517.5
520.0,525.0,522.5
525.0,530.0,527.5
530.0,535.0,532.5
535.0,540.0,537.5
540.0,545.0,542.5
545.0,550.0,547.5
550.0,555.0,552.5
555.0,560.0,557.5
560.0,565.0,562.5
565.0,570.0,567.5
570.0,575.0,572.5
575.0,580.0,577.5
580.0,585.0,582.5
585.0,590.0,587.5
590.0,595.0,592.5
595.0,600.0,597.5
600.0,605.0,602.5
605.0,610.0,607.5
610.0,615.0,612.5
615.0,620.0,617.5
620.0,625.0,622.5
625.0,630.0,627.5
630.0,635.0,632.5
635.0,640.0,637.5
640.0,645.0,642.5
645.0,650.0,647.5
650.0,655.0,652.5
655.0,660.0,657.5
660.0,665.0,662.5
665.0,670.0,667.5
670.0,675.0,672.5
675.0,680.0,677.5
680.0,685.0,682.5
685.0,690.0,687.5
690.0,695.0,692.5
695.0,700.0,697.5
700.0,705.0,702.5
705.0,710.0,707.5
710.0,715.0,712.5
715.0,720.0,717.5
720.0,725.0,722.5
725.0,730.0,727.5
730.0,735.0,732.5
735.0,740.0,737.5
740.0,745.0,742.5
745.0,750.0,747.5
750.0,755.0,752.5
755.0,760.0,757.5
760.0,765.0,762.5
765.0,770.0,767.5
770.0,775.0,772.5
775.0,780.0,777.5
780.0,785.0,782.5
785.0,790.0,787.5
790.0,795.0,792.5
795.0,800.0,797.5
800.0,805.0,802.5
805.0,810.0,807.5
810.0,815.0,812.5
815.0,820.0,817.5
820.0,825.0,822.5
825.0,830.0,827.5
830.0,835.0,832.5
835.0,840.0,837.5
840.0,845.0,842.5
845.0,850.0,847.5
850.0,855.0,852.5
855.0,860.0,857.5
860.0,865.0,862.5
865.0,870.0,867.5
870.0,875.0,872.5
875.0,880.0,877.5
880.0,885.0,882.5
885.0,890.0,887.5
890.0,895.0,892.5
895.0,900.0,897.5
900.0,905.0,902.5
905.0,910.0,907.5
910.0,915.0,912.5
